Name,Price,Discount,Rating,Stars,Reputation,Amenities,Location,Category,Activity,Total_Rating,Price_in_IDR,Discount_in_%,Original_Price
Collection O Manggis Inn,Rp119.508,83% off,(735 Ratings),4.6,Excellent,"Free Wifi, checkmark Created with Sketch. Room service, checkmark Created with Sketch. Toiletries available, + 32 more","Near Jakarta History Museum, Jakarta",Indonesia Standard Double,6 people booked this hotel in last 6 hours,735,119508,83,702988
Capital O 141 Fatmawati Cozy Residence,Rp259.930,65% off,(704 Ratings),4.9,Fabulous,"Free Wifi, CCTV cameras, AC, + 2 more","Near MRT Cipete Raya Station , Jakarta",Indonesia Standard Double,13 people booked this hotel today,704,259930,65,742657
Collection O 92130 Hotel Fiducia Kaji,Rp108.017,76% off,(672 Ratings),4.6,Excellent,"AC, TV, AC, + 1 more","Daerah Khusus Ibukota Jakarta, Jakarta",Indonesia Deluxe Double,22 people booked this hotel in last 6 hours,672,108017,76,450071
Townhouse Oak Gunung Sahari Near Ancol,Rp144.094,79% off,(432 Ratings),4.6,Excellent,"checkmark Created with Sketch. Reception, Free Wifi, TV, + 12 more","14420, Jakarta",Indonesia Deluxe Budget,27 people booked this hotel in last 6 hours,432,144094,79,686162
Capital O 90635 Tango Juliet Residence,Rp233.788,72% off,(132 Ratings),4.6,Excellent,"AC, TV","Daerah Khusus Ibukota Jakarta, Jakarta",Indonesia Deluxe Double,,132,233788,72,834957
Super OYO Townhouse 2 Hotel Gunung Sahari,Rp169.880,78% off,(935 Ratings),4.7,Excellent,"Coffee/tea maker, Free Wifi, checkmark Created with Sketch. Room service, + 39 more","Near Jakarta International Expo, Jakarta",Indonesia Deluxe Double,4 people booked this hotel in last 1 hour,935,169880,78,772182
Hotel O Puri Lotus,Rp149.544,74% off,(383 Ratings),4.5,Excellent,"Parking facility, Gym, Dining area, + 7 more","Near Cinere Bellevue Mall, Jakarta",Indonesia Standard Double,,383,149544,74,575169
Super OYO Townhouse 1 Hotel Salemba,Rp171.018,78% off,(817 Ratings),4.7,Excellent,"Dining area, checkmark Created with Sketch. Reception, checkmark Created with Sketch. Room service, + 59 more","Near Taman Ismail Marzuki, Jakarta",Indonesia Deluxe Double,7 people booked this hotel in last 6 hours,817,171018,78,777355
Hotel O J&b Room Utan Kayu,Rp124.200,77% off,(1038 Ratings),4.5,Excellent,"Free Wifi, CCTV cameras, checkmark Created with Sketch. Fire extinguisher, + 2 more","Near utan kayu raya, Jakarta",Indonesia Standard Double,31 people booked this hotel in last 6 hours,1038,124200,77,540000
Hotel O Point Inn,Rp120.808,75% off,(713 Ratings),4.7,Excellent,"checkmark Created with Sketch. Dress Hanger, AC, TV, + 2 more","Near Ukrida, Jakarta",Indonesia Standard Double,8 people booked this hotel in last 6 hours,713,120808,75,483232
Collection O Tanah Abang Near Stasiun Tanah Abang  Formerly Hotel Bimo Slipi,Rp112.157,82% off,(288 Ratings),3.9,Good,"Parking facility, Free Wifi, Free Wifi, + 17 more","Daerah Khusus Ibukota Jakarta, Jakarta",Indonesia Deluxe Double,2 people booked this hotel in last 30 mins,288,112157,82,623094
Hotel O Near Pasar Baru,Rp135.000,75% off,(517 Ratings),4.5,Excellent,"checkmark Created with Sketch. Reception, checkmark Created with Sketch. Fire extinguisher, AC, + 1 more","Near Pasar Baru, Jakarta",Indonesia Standard Double,10 people booked this hotel today,517,135000,75,540000
Collection O Mangga Besar Near Mangga Besar Station,Rp117.878,83% off,(407 Ratings),3.9,Good,"Free Wifi, checkmark Created with Sketch. Room service, checkmark Created with Sketch. Toiletries available, + 37 more","DKI Jakarta, Jakarta",Indonesia Deluxe Double,13 people booked this hotel today,407,117878,83,693400
Collection O Gambir Near Masjid Istiqlal Formerly Aleander Hotel,Rp133.617,82% off,(730 Ratings),4.3,Very Good,"Free Wifi, checkmark Created with Sketch. Room service, checkmark Created with Sketch. Room service, + 38 more","Near Juanda Station, Jakarta",Indonesia Deluxe Double,15 people booked this hotel in last 6 hours,730,133617,82,742317
Hotel O Gayatri Residence,Rp130.308,77% off,(181 Ratings),4.5,Excellent,"checkmark Created with Sketch. Reception, Swimming Pool, checkmark Created with Sketch. Fire extinguisher, + 4 more","Indonesia, Jakarta",Indonesia Standard Double,13 people booked this hotel today,181,130308,77,566557
Townhouse Oak J&b Gunung Sahari,Rp104.975,69% off,(1931 Ratings),4,Very Good,"Parking facility, Free Wifi, checkmark Created with Sketch. Security, + 12 more","Daerah Khusus Ibukota Jakarta 10720, Jakarta",Indonesia Standard Double,51 people booked this hotel in last 6 hours,1931,104975,69,338629
Hotel O Mall Of Indonesia,Rp153.920,77% off,(726 Ratings),4.7,Excellent,"Parking facility, checkmark Created with Sketch. Reception, Free Wifi, + 5 more","Kota Jkt Utara, Jakarta",Indonesia Standard Double,18 people booked this hotel today,726,153920,77,669217
Hotel O Balcon Biru,Rp133.276,72% off,(117 Ratings),4.4,Very Good,"checkmark Created with Sketch. 24x7 Facility Manager, Seating area, checkmark Created with Sketch. Room service, + 17 more","Near Mangga Dua Square, Jakarta",Indonesia Standard Double,,117,133276,72,475986
Collection O Mangga Besar Near Lokasari Square Formerly 45 Residence,Rp158.611,75% off,(387 Ratings),4.7,Excellent,"Free Wifi, Power backup, checkmark Created with Sketch. Room service, + 28 more","Near Mangga Dua Mall, Jakarta",Indonesia Standard Double,18 people booked this hotel in last 6 hours,387,158611,75,634444
Hotel O Mangga Besar Near Kota Tua Formerly Fresh Hotel,Rp82.099,85% off,(74 Ratings),3.7,Good,"Parking facility, Free Wifi, Power backup, + 10 more","Indonesia, Jakarta",Indonesia Standard Double,18 people booked this hotel today,74,82099,85,547327
